district,date,deaths
Sri Ganganagar,2018-01-01,763
Sri Ganganagar,2018-02-01,552
Sri Ganganagar,2018-03-01,562
Sri Ganganagar,2018-04-01,540
Sri Ganganagar,2018-05-01,562
Sri Ganganagar,2018-06-01,588
Sri Ganganagar,2018-07-01,553
Sri Ganganagar,2018-08-01,590
Sri Ganganagar,2018-09-01,509
Sri Ganganagar,2018-10-01,539
Sri Ganganagar,2018-11-01,604
Sri Ganganagar,2018-12-01,704
Sri Ganganagar,2019-01-01,734
Sri Ganganagar,2019-02-01,652
Sri Ganganagar,2019-03-01,631
Sri Ganganagar,2019-04-01,532
Sri Ganganagar,2019-05-01,554
Sri Ganganagar,2019-06-01,561
Sri Ganganagar,2019-07-01,626
Sri Ganganagar,2019-08-01,539
Sri Ganganagar,2019-09-01,545
Sri Ganganagar,2019-10-01,562
Sri Ganganagar,2019-11-01,601
Sri Ganganagar,2019-12-01,760
Sri Ganganagar,2020-01-01,865
Sri Ganganagar,2020-02-01,646
Sri Ganganagar,2020-03-01,589
Sri Ganganagar,2020-04-01,574
Sri Ganganagar,2020-05-01,631
Sri Ganganagar,2020-06-01,737
Sri Ganganagar,2020-07-01,728
Sri Ganganagar,2020-08-01,631
Sri Ganganagar,2020-09-01,649
Sri Ganganagar,2020-10-01,646
Sri Ganganagar,2020-11-01,842
Sri Ganganagar,2020-12-01,766
Sri Ganganagar,2021-01-01,702
Sri Ganganagar,2021-02-01,538
Sri Ganganagar,2021-03-01,538
Sri Ganganagar,2021-04-01,701
Sri Ganganagar,2021-05-01,1302
Hanumangarh,2018-01-01,730
Hanumangarh,2018-02-01,583
Hanumangarh,2018-03-01,628
Hanumangarh,2018-04-01,584
Hanumangarh,2018-05-01,548
Hanumangarh,2018-06-01,628
Hanumangarh,2018-07-01,552
Hanumangarh,2018-08-01,498
Hanumangarh,2018-09-01,451
Hanumangarh,2018-10-01,544
Hanumangarh,2018-11-01,584
Hanumangarh,2018-12-01,694
Hanumangarh,2019-01-01,665
Hanumangarh,2019-02-01,659
Hanumangarh,2019-03-01,615
Hanumangarh,2019-04-01,500
Hanumangarh,2019-05-01,546
Hanumangarh,2019-06-01,577
Hanumangarh,2019-07-01,522
Hanumangarh,2019-08-01,562
Hanumangarh,2019-09-01,514
Hanumangarh,2019-10-01,588
Hanumangarh,2019-11-01,597
Hanumangarh,2019-12-01,752
Hanumangarh,2020-01-01,804
Hanumangarh,2020-02-01,593
Hanumangarh,2020-03-01,563
Hanumangarh,2020-04-01,526
Hanumangarh,2020-05-01,612
Hanumangarh,2020-06-01,672
Hanumangarh,2020-07-01,555
Hanumangarh,2020-08-01,592
Hanumangarh,2020-09-01,539
Hanumangarh,2020-10-01,544
Hanumangarh,2020-11-01,698
Hanumangarh,2020-12-01,707
Hanumangarh,2021-01-01,667
Hanumangarh,2021-02-01,521
Hanumangarh,2021-03-01,563
Hanumangarh,2021-04-01,683
Hanumangarh,2021-05-01,1321
Bikaner,2018-01-01,530
Bikaner,2018-02-01,417
Bikaner,2018-03-01,478
Bikaner,2018-04-01,401
Bikaner,2018-05-01,423
Bikaner,2018-06-01,426
Bikaner,2018-07-01,410
Bikaner,2018-08-01,357
Bikaner,2018-09-01,303
Bikaner,2018-10-01,350
Bikaner,2018-11-01,378
Bikaner,2018-12-01,498
Bikaner,2019-01-01,533
Bikaner,2019-02-01,456
Bikaner,2019-03-01,473
Bikaner,2019-04-01,429
Bikaner,2019-05-01,463
Bikaner,2019-06-01,431
Bikaner,2019-07-01,397
Bikaner,2019-08-01,357
Bikaner,2019-09-01,383
Bikaner,2019-10-01,372
Bikaner,2019-11-01,395
Bikaner,2019-12-01,491
Bikaner,2020-01-01,526
Bikaner,2020-02-01,452
Bikaner,2020-03-01,430
Bikaner,2020-04-01,451
Bikaner,2020-05-01,480
Bikaner,2020-06-01,481
Bikaner,2020-07-01,483
Bikaner,2020-08-01,378
Bikaner,2020-09-01,386
Bikaner,2020-10-01,444
Bikaner,2020-11-01,577
Bikaner,2020-12-01,557
Bikaner,2021-01-01,471
Bikaner,2021-02-01,306
Bikaner,2021-03-01,406
Bikaner,2021-04-01,517
Bikaner,2021-05-01,963
Churu,2018-01-01,634
Churu,2018-02-01,502
Churu,2018-03-01,579
Churu,2018-04-01,567
Churu,2018-05-01,598
Churu,2018-06-01,553
Churu,2018-07-01,461
Churu,2018-08-01,435
Churu,2018-09-01,391
Churu,2018-10-01,473
Churu,2018-11-01,451
Churu,2018-12-01,609
Churu,2019-01-01,563
Churu,2019-02-01,552
Churu,2019-03-01,559
Churu,2019-04-01,537
Churu,2019-05-01,553
Churu,2019-06-01,561
Churu,2019-07-01,467
Churu,2019-08-01,510
Churu,2019-09-01,513
Churu,2019-10-01,458
Churu,2019-11-01,488
Churu,2019-12-01,630
Churu,2020-01-01,677
Churu,2020-02-01,579
Churu,2020-03-01,506
Churu,2020-04-01,512
Churu,2020-05-01,645
Churu,2020-06-01,574
Churu,2020-07-01,535
Churu,2020-08-01,508
Churu,2020-09-01,441
Churu,2020-10-01,498
Churu,2020-11-01,601
Churu,2020-12-01,671
Churu,2021-01-01,501
Churu,2021-02-01,506
Churu,2021-03-01,565
Churu,2021-04-01,732
Churu,2021-05-01,1668
Jhunjhunun,2018-01-01,917
Jhunjhunun,2018-02-01,728
Jhunjhunun,2018-03-01,672
Jhunjhunun,2018-04-01,763
Jhunjhunun,2018-05-01,735
Jhunjhunun,2018-06-01,775
Jhunjhunun,2018-07-01,568
Jhunjhunun,2018-08-01,578
Jhunjhunun,2018-09-01,562
Jhunjhunun,2018-10-01,670
Jhunjhunun,2018-11-01,725
Jhunjhunun,2018-12-01,866
Jhunjhunun,2019-01-01,828
Jhunjhunun,2019-02-01,716
Jhunjhunun,2019-03-01,698
Jhunjhunun,2019-04-01,663
Jhunjhunun,2019-05-01,725
Jhunjhunun,2019-06-01,797
Jhunjhunun,2019-07-01,576
Jhunjhunun,2019-08-01,676
Jhunjhunun,2019-09-01,675
Jhunjhunun,2019-10-01,627
Jhunjhunun,2019-11-01,693
Jhunjhunun,2019-12-01,883
Jhunjhunun,2020-01-01,873
Jhunjhunun,2020-02-01,714
Jhunjhunun,2020-03-01,712
Jhunjhunun,2020-04-01,716
Jhunjhunun,2020-05-01,899
Jhunjhunun,2020-06-01,795
Jhunjhunun,2020-07-01,671
Jhunjhunun,2020-08-01,669
Jhunjhunun,2020-09-01,642
Jhunjhunun,2020-10-01,758
Jhunjhunun,2020-11-01,919
Jhunjhunun,2020-12-01,987
Jhunjhunun,2021-01-01,821
Jhunjhunun,2021-02-01,594
Jhunjhunun,2021-03-01,661
Jhunjhunun,2021-04-01,747
Jhunjhunun,2021-05-01,1565
Alwar,2018-01-01,1217
Alwar,2018-02-01,1028
Alwar,2018-03-01,1060
Alwar,2018-04-01,1060
Alwar,2018-05-01,1121
Alwar,2018-06-01,1056
Alwar,2018-07-01,971
Alwar,2018-08-01,953
Alwar,2018-09-01,972
Alwar,2018-10-01,1048
Alwar,2018-11-01,1044
Alwar,2018-12-01,1226
Alwar,2019-01-01,1187
Alwar,2019-02-01,1128
Alwar,2019-03-01,972
Alwar,2019-04-01,1016
Alwar,2019-05-01,1058
Alwar,2019-06-01,1173
Alwar,2019-07-01,947
Alwar,2019-08-01,1059
Alwar,2019-09-01,1090
Alwar,2019-10-01,1040
Alwar,2019-11-01,1026
Alwar,2019-12-01,1233
Alwar,2020-01-01,1270
Alwar,2020-02-01,1077
Alwar,2020-03-01,924
Alwar,2020-04-01,989
Alwar,2020-05-01,1221
Alwar,2020-06-01,1025
Alwar,2020-07-01,1034
Alwar,2020-08-01,1022
Alwar,2020-09-01,1063
Alwar,2020-10-01,1085
Alwar,2020-11-01,1237
Alwar,2020-12-01,1301
Alwar,2021-01-01,1146
Alwar,2021-02-01,850
Alwar,2021-03-01,900
Alwar,2021-04-01,1150
Alwar,2021-05-01,2227
Bharatpur,2018-01-01,738
Bharatpur,2018-02-01,628
Bharatpur,2018-03-01,659
Bharatpur,2018-04-01,677
Bharatpur,2018-05-01,763
Bharatpur,2018-06-01,735
Bharatpur,2018-07-01,605
Bharatpur,2018-08-01,608
Bharatpur,2018-09-01,601
Bharatpur,2018-10-01,595
Bharatpur,2018-11-01,621
Bharatpur,2018-12-01,794
Bharatpur,2019-01-01,716
Bharatpur,2019-02-01,617
Bharatpur,2019-03-01,603
Bharatpur,2019-04-01,635
Bharatpur,2019-05-01,654
Bharatpur,2019-06-01,727
Bharatpur,2019-07-01,562
Bharatpur,2019-08-01,678
Bharatpur,2019-09-01,626
Bharatpur,2019-10-01,612
Bharatpur,2019-11-01,577
Bharatpur,2019-12-01,770
Bharatpur,2020-01-01,751
Bharatpur,2020-02-01,620
Bharatpur,2020-03-01,552
Bharatpur,2020-04-01,636
Bharatpur,2020-05-01,798
Bharatpur,2020-06-01,671
Bharatpur,2020-07-01,644
Bharatpur,2020-08-01,629
Bharatpur,2020-09-01,645
Bharatpur,2020-10-01,613
Bharatpur,2020-11-01,706
Bharatpur,2020-12-01,781
Bharatpur,2021-01-01,643
Bharatpur,2021-02-01,465
Bharatpur,2021-03-01,461
Bharatpur,2021-04-01,618
Bharatpur,2021-05-01,1087
Dhaulpur,2018-01-01,390
Dhaulpur,2018-02-01,336
Dhaulpur,2018-03-01,323
Dhaulpur,2018-04-01,342
Dhaulpur,2018-05-01,362
Dhaulpur,2018-06-01,337
Dhaulpur,2018-07-01,300
Dhaulpur,2018-08-01,323
Dhaulpur,2018-09-01,344
Dhaulpur,2018-10-01,318
Dhaulpur,2018-11-01,266
Dhaulpur,2018-12-01,366
Dhaulpur,2019-01-01,346
Dhaulpur,2019-02-01,318
Dhaulpur,2019-03-01,306
Dhaulpur,2019-04-01,297
Dhaulpur,2019-05-01,317
Dhaulpur,2019-06-01,315
Dhaulpur,2019-07-01,262
Dhaulpur,2019-08-01,331
Dhaulpur,2019-09-01,333
Dhaulpur,2019-10-01,332
Dhaulpur,2019-11-01,368
Dhaulpur,2019-12-01,328
Dhaulpur,2020-01-01,377
Dhaulpur,2020-02-01,296
Dhaulpur,2020-03-01,237
Dhaulpur,2020-04-01,280
Dhaulpur,2020-05-01,363
Dhaulpur,2020-06-01,300
Dhaulpur,2020-07-01,289
Dhaulpur,2020-08-01,270
Dhaulpur,2020-09-01,254
Dhaulpur,2020-10-01,216
Dhaulpur,2020-11-01,247
Dhaulpur,2020-12-01,300
Dhaulpur,2021-01-01,261
Dhaulpur,2021-02-01,183
Dhaulpur,2021-03-01,198
Dhaulpur,2021-04-01,290
Dhaulpur,2021-05-01,293
Karauli,2018-01-01,390
Karauli,2018-02-01,391
Karauli,2018-03-01,389
Karauli,2018-04-01,406
Karauli,2018-05-01,470
Karauli,2018-06-01,383
Karauli,2018-07-01,383
Karauli,2018-08-01,371
Karauli,2018-09-01,400
Karauli,2018-10-01,419
Karauli,2018-11-01,405
Karauli,2018-12-01,508
Karauli,2019-01-01,432
Karauli,2019-02-01,382
Karauli,2019-03-01,386
Karauli,2019-04-01,370
Karauli,2019-05-01,423
Karauli,2019-06-01,438
Karauli,2019-07-01,300
Karauli,2019-08-01,405
Karauli,2019-09-01,386
Karauli,2019-10-01,373
Karauli,2019-11-01,392
Karauli,2019-12-01,427
Karauli,2020-01-01,456
Karauli,2020-02-01,398
Karauli,2020-03-01,322
Karauli,2020-04-01,372
Karauli,2020-05-01,511
Karauli,2020-06-01,429
Karauli,2020-07-01,431
Karauli,2020-08-01,436
Karauli,2020-09-01,373
Karauli,2020-10-01,374
Karauli,2020-11-01,422
Karauli,2020-12-01,465
Karauli,2021-01-01,391
Karauli,2021-02-01,299
Karauli,2021-03-01,302
Karauli,2021-04-01,379
Karauli,2021-05-01,749
Sawai Madhopur,2018-01-01,435
Sawai Madhopur,2018-02-01,379
Sawai Madhopur,2018-03-01,395
Sawai Madhopur,2018-04-01,356
Sawai Madhopur,2018-05-01,445
Sawai Madhopur,2018-06-01,371
Sawai Madhopur,2018-07-01,363
Sawai Madhopur,2018-08-01,387
Sawai Madhopur,2018-09-01,369
Sawai Madhopur,2018-10-01,392
Sawai Madhopur,2018-11-01,421
Sawai Madhopur,2018-12-01,490
Sawai Madhopur,2019-01-01,393
Sawai Madhopur,2019-02-01,363
Sawai Madhopur,2019-03-01,351
Sawai Madhopur,2019-04-01,341
Sawai Madhopur,2019-05-01,405
Sawai Madhopur,2019-06-01,442
Sawai Madhopur,2019-07-01,321
Sawai Madhopur,2019-08-01,381
Sawai Madhopur,2019-09-01,412
Sawai Madhopur,2019-10-01,377
Sawai Madhopur,2019-11-01,383
Sawai Madhopur,2019-12-01,449
Sawai Madhopur,2020-01-01,422
Sawai Madhopur,2020-02-01,377
Sawai Madhopur,2020-03-01,370
Sawai Madhopur,2020-04-01,365
Sawai Madhopur,2020-05-01,457
Sawai Madhopur,2020-06-01,379
Sawai Madhopur,2020-07-01,359
Sawai Madhopur,2020-08-01,360
Sawai Madhopur,2020-09-01,378
Sawai Madhopur,2020-10-01,367
Sawai Madhopur,2020-11-01,455
Sawai Madhopur,2020-12-01,448
Sawai Madhopur,2021-01-01,366
Sawai Madhopur,2021-02-01,302
Sawai Madhopur,2021-03-01,309
Sawai Madhopur,2021-04-01,502
Sawai Madhopur,2021-05-01,982
Dausa,2018-01-01,564
Dausa,2018-02-01,447
Dausa,2018-03-01,434
Dausa,2018-04-01,449
Dausa,2018-05-01,512
Dausa,2018-06-01,428
Dausa,2018-07-01,441
Dausa,2018-08-01,467
Dausa,2018-09-01,503
Dausa,2018-10-01,542
Dausa,2018-11-01,516
Dausa,2018-12-01,586
Dausa,2019-01-01,587
Dausa,2019-02-01,471
Dausa,2019-03-01,456
Dausa,2019-04-01,438
Dausa,2019-05-01,465
Dausa,2019-06-01,497
Dausa,2019-07-01,380
Dausa,2019-08-01,469
Dausa,2019-09-01,521
Dausa,2019-10-01,447
Dausa,2019-11-01,486
Dausa,2019-12-01,597
Dausa,2020-01-01,587
Dausa,2020-02-01,459
Dausa,2020-03-01,435
Dausa,2020-04-01,494
Dausa,2020-05-01,565
Dausa,2020-06-01,444
Dausa,2020-07-01,459
Dausa,2020-08-01,492
Dausa,2020-09-01,480
Dausa,2020-10-01,490
Dausa,2020-11-01,581
Dausa,2020-12-01,608
Dausa,2021-01-01,452
Dausa,2021-02-01,388
Dausa,2021-03-01,406
Dausa,2021-04-01,521
Dausa,2021-05-01,1151
Jaipur,2018-01-01,1446
Jaipur,2018-02-01,1240
Jaipur,2018-03-01,1238
Jaipur,2018-04-01,1129
Jaipur,2018-05-01,1185
Jaipur,2018-06-01,1053
Jaipur,2018-07-01,940
Jaipur,2018-08-01,1002
Jaipur,2018-09-01,1012
Jaipur,2018-10-01,1171
Jaipur,2018-11-01,1166
Jaipur,2018-12-01,1405
Jaipur,2019-01-01,1277
Jaipur,2019-02-01,1151
Jaipur,2019-03-01,1204
Jaipur,2019-04-01,1116
Jaipur,2019-05-01,1093
Jaipur,2019-06-01,1222
Jaipur,2019-07-01,997
Jaipur,2019-08-01,1067
Jaipur,2019-09-01,1269
Jaipur,2019-10-01,1137
Jaipur,2019-11-01,1122
Jaipur,2019-12-01,1417
Jaipur,2020-01-01,1427
Jaipur,2020-02-01,1163
Jaipur,2020-03-01,1063
Jaipur,2020-04-01,1063
Jaipur,2020-05-01,1313
Jaipur,2020-06-01,1186
Jaipur,2020-07-01,1019
Jaipur,2020-08-01,1155
Jaipur,2020-09-01,1323
Jaipur,2020-10-01,1258
Jaipur,2020-11-01,1533
Jaipur,2020-12-01,1578
Jaipur,2021-01-01,1265
Jaipur,2021-02-01,1000
Jaipur,2021-03-01,1124
Jaipur,2021-04-01,1533
Jaipur,2021-05-01,3324
Sikar,2018-01-01,708
Sikar,2018-02-01,587
Sikar,2018-03-01,567
Sikar,2018-04-01,565
Sikar,2018-05-01,597
Sikar,2018-06-01,594
Sikar,2018-07-01,494
Sikar,2018-08-01,453
Sikar,2018-09-01,445
Sikar,2018-10-01,547
Sikar,2018-11-01,614
Sikar,2018-12-01,762
Sikar,2019-01-01,677
Sikar,2019-02-01,547
Sikar,2019-03-01,494
Sikar,2019-04-01,589
Sikar,2019-05-01,579
Sikar,2019-06-01,722
Sikar,2019-07-01,481
Sikar,2019-08-01,513
Sikar,2019-09-01,557
Sikar,2019-10-01,514
Sikar,2019-11-01,579
Sikar,2019-12-01,714
Sikar,2020-01-01,675
Sikar,2020-02-01,544
Sikar,2020-03-01,555
Sikar,2020-04-01,540
Sikar,2020-05-01,678
Sikar,2020-06-01,591
Sikar,2020-07-01,536
Sikar,2020-08-01,572
Sikar,2020-09-01,715
Sikar,2020-10-01,617
Sikar,2020-11-01,806
Sikar,2020-12-01,741
Sikar,2021-01-01,640
Sikar,2021-02-01,495
Sikar,2021-03-01,565
Sikar,2021-04-01,781
Sikar,2021-05-01,1660
Nagaur,2018-01-01,1141
Nagaur,2018-02-01,1049
Nagaur,2018-03-01,1030
Nagaur,2018-04-01,946
Nagaur,2018-05-01,1009
Nagaur,2018-06-01,971
Nagaur,2018-07-01,779
Nagaur,2018-08-01,662
Nagaur,2018-09-01,619
Nagaur,2018-10-01,756
Nagaur,2018-11-01,881
Nagaur,2018-12-01,1093
Nagaur,2019-01-01,969
Nagaur,2019-02-01,945
Nagaur,2019-03-01,833
Nagaur,2019-04-01,792
Nagaur,2019-05-01,839
Nagaur,2019-06-01,1120
Nagaur,2019-07-01,734
Nagaur,2019-08-01,784
Nagaur,2019-09-01,842
Nagaur,2019-10-01,768
Nagaur,2019-11-01,833
Nagaur,2019-12-01,1038
Nagaur,2020-01-01,1076
Nagaur,2020-02-01,944
Nagaur,2020-03-01,832
Nagaur,2020-04-01,972
Nagaur,2020-05-01,1179
Nagaur,2020-06-01,1043
Nagaur,2020-07-01,908
Nagaur,2020-08-01,927
Nagaur,2020-09-01,844
Nagaur,2020-10-01,969
Nagaur,2020-11-01,1170
Nagaur,2020-12-01,1407
Nagaur,2021-01-01,1013
Nagaur,2021-02-01,730
Nagaur,2021-03-01,900
Nagaur,2021-04-01,1501
Nagaur,2021-05-01,2419
Jodhpur,2018-01-01,872
Jodhpur,2018-02-01,745
Jodhpur,2018-03-01,791
Jodhpur,2018-04-01,762
Jodhpur,2018-05-01,764
Jodhpur,2018-06-01,609
Jodhpur,2018-07-01,586
Jodhpur,2018-08-01,555
Jodhpur,2018-09-01,565
Jodhpur,2018-10-01,554
Jodhpur,2018-11-01,566
Jodhpur,2018-12-01,873
Jodhpur,2019-01-01,840
Jodhpur,2019-02-01,715
Jodhpur,2019-03-01,696
Jodhpur,2019-04-01,653
Jodhpur,2019-05-01,665
Jodhpur,2019-06-01,755
Jodhpur,2019-07-01,604
Jodhpur,2019-08-01,621
Jodhpur,2019-09-01,716
Jodhpur,2019-10-01,701
Jodhpur,2019-11-01,638
Jodhpur,2019-12-01,801
Jodhpur,2020-01-01,839
Jodhpur,2020-02-01,661
Jodhpur,2020-03-01,692
Jodhpur,2020-04-01,721
Jodhpur,2020-05-01,845
Jodhpur,2020-06-01,801
Jodhpur,2020-07-01,680
Jodhpur,2020-08-01,645
Jodhpur,2020-09-01,683
Jodhpur,2020-10-01,745
Jodhpur,2020-11-01,905
Jodhpur,2020-12-01,1035
Jodhpur,2021-01-01,836
Jodhpur,2021-02-01,654
Jodhpur,2021-03-01,685
Jodhpur,2021-04-01,1266
Jodhpur,2021-05-01,2118
Jaisalmer,2018-01-01,154
Jaisalmer,2018-02-01,141
Jaisalmer,2018-03-01,146
Jaisalmer,2018-04-01,119
Jaisalmer,2018-05-01,144
Jaisalmer,2018-06-01,110
Jaisalmer,2018-07-01,107
Jaisalmer,2018-08-01,112
Jaisalmer,2018-09-01,120
Jaisalmer,2018-10-01,91
Jaisalmer,2018-11-01,95
Jaisalmer,2018-12-01,175
Jaisalmer,2019-01-01,130
Jaisalmer,2019-02-01,138
Jaisalmer,2019-03-01,153
Jaisalmer,2019-04-01,139
Jaisalmer,2019-05-01,124
Jaisalmer,2019-06-01,94
Jaisalmer,2019-07-01,127
Jaisalmer,2019-08-01,115
Jaisalmer,2019-09-01,107
Jaisalmer,2019-10-01,115
Jaisalmer,2019-11-01,126
Jaisalmer,2019-12-01,147
Jaisalmer,2020-01-01,186
Jaisalmer,2020-02-01,145
Jaisalmer,2020-03-01,122
Jaisalmer,2020-04-01,132
Jaisalmer,2020-05-01,153
Jaisalmer,2020-06-01,147
Jaisalmer,2020-07-01,152
Jaisalmer,2020-08-01,127
Jaisalmer,2020-09-01,79
Jaisalmer,2020-10-01,89
Jaisalmer,2020-11-01,138
Jaisalmer,2020-12-01,143
Jaisalmer,2021-01-01,126
Jaisalmer,2021-02-01,105
Jaisalmer,2021-03-01,82
Jaisalmer,2021-04-01,120
Jaisalmer,2021-05-01,258
Barmer,2018-01-01,767
Barmer,2018-02-01,808
Barmer,2018-03-01,836
Barmer,2018-04-01,733
Barmer,2018-05-01,741
Barmer,2018-06-01,576
Barmer,2018-07-01,591
Barmer,2018-08-01,514
Barmer,2018-09-01,451
Barmer,2018-10-01,583
Barmer,2018-11-01,547
Barmer,2018-12-01,814
Barmer,2019-01-01,811
Barmer,2019-02-01,827
Barmer,2019-03-01,685
Barmer,2019-04-01,613
Barmer,2019-05-01,613
Barmer,2019-06-01,690
Barmer,2019-07-01,569
Barmer,2019-08-01,590
Barmer,2019-09-01,588
Barmer,2019-10-01,557
Barmer,2019-11-01,618
Barmer,2019-12-01,801
Barmer,2020-01-01,846
Barmer,2020-02-01,724
Barmer,2020-03-01,582
Barmer,2020-04-01,772
Barmer,2020-05-01,811
Barmer,2020-06-01,654
Barmer,2020-07-01,631
Barmer,2020-08-01,650
Barmer,2020-09-01,548
Barmer,2020-10-01,551
Barmer,2020-11-01,824
Barmer,2020-12-01,1081
Barmer,2021-01-01,822
Barmer,2021-02-01,603
Barmer,2021-03-01,648
Barmer,2021-04-01,887
Barmer,2021-05-01,1614
Jalor,2018-01-01,670
Jalor,2018-02-01,714
Jalor,2018-03-01,709
Jalor,2018-04-01,621
Jalor,2018-05-01,706
Jalor,2018-06-01,569
Jalor,2018-07-01,528
Jalor,2018-08-01,532
Jalor,2018-09-01,538
Jalor,2018-10-01,560
Jalor,2018-11-01,589
Jalor,2018-12-01,710
Jalor,2019-01-01,723
Jalor,2019-02-01,625
Jalor,2019-03-01,630
Jalor,2019-04-01,565
Jalor,2019-05-01,621
Jalor,2019-06-01,707
Jalor,2019-07-01,528
Jalor,2019-08-01,577
Jalor,2019-09-01,707
Jalor,2019-10-01,681
Jalor,2019-11-01,598
Jalor,2019-12-01,719
Jalor,2020-01-01,751
Jalor,2020-02-01,662
Jalor,2020-03-01,641
Jalor,2020-04-01,672
Jalor,2020-05-01,745
Jalor,2020-06-01,675
Jalor,2020-07-01,656
Jalor,2020-08-01,646
Jalor,2020-09-01,679
Jalor,2020-10-01,673
Jalor,2020-11-01,762
Jalor,2020-12-01,870
Jalor,2021-01-01,698
Jalor,2021-02-01,514
Jalor,2021-03-01,601
Jalor,2021-04-01,1263
Jalor,2021-05-01,1786
Sirohi,2018-01-01,344
Sirohi,2018-02-01,354
Sirohi,2018-03-01,375
Sirohi,2018-04-01,308
Sirohi,2018-05-01,345
Sirohi,2018-06-01,218
Sirohi,2018-07-01,276
Sirohi,2018-08-01,363
Sirohi,2018-09-01,303
Sirohi,2018-10-01,280
Sirohi,2018-11-01,272
Sirohi,2018-12-01,414
Sirohi,2019-01-01,356
Sirohi,2019-02-01,293
Sirohi,2019-03-01,271
Sirohi,2019-04-01,247
Sirohi,2019-05-01,259
Sirohi,2019-06-01,340
Sirohi,2019-07-01,347
Sirohi,2019-08-01,396
Sirohi,2019-09-01,381
Sirohi,2019-10-01,327
Sirohi,2019-11-01,331
Sirohi,2019-12-01,350
Sirohi,2020-01-01,330
Sirohi,2020-02-01,288
Sirohi,2020-03-01,310
Sirohi,2020-04-01,264
Sirohi,2020-05-01,278
Sirohi,2020-06-01,282
Sirohi,2020-07-01,233
Sirohi,2020-08-01,359
Sirohi,2020-09-01,298
Sirohi,2020-10-01,289
Sirohi,2020-11-01,334
Sirohi,2020-12-01,329
Sirohi,2021-01-01,336
Sirohi,2021-02-01,239
Sirohi,2021-03-01,276
Sirohi,2021-04-01,632
Sirohi,2021-05-01,561
Pali,2018-01-01,716
Pali,2018-02-01,626
Pali,2018-03-01,692
Pali,2018-04-01,705
Pali,2018-05-01,712
Pali,2018-06-01,539
Pali,2018-07-01,515
Pali,2018-08-01,583
Pali,2018-09-01,602
Pali,2018-10-01,643
Pali,2018-11-01,620
Pali,2018-12-01,850
Pali,2019-01-01,761
Pali,2019-02-01,643
Pali,2019-03-01,652
Pali,2019-04-01,615
Pali,2019-05-01,637
Pali,2019-06-01,870
Pali,2019-07-01,619
Pali,2019-08-01,594
Pali,2019-09-01,729
Pali,2019-10-01,639
Pali,2019-11-01,612
Pali,2019-12-01,697
Pali,2020-01-01,738
Pali,2020-02-01,618
Pali,2020-03-01,504
Pali,2020-04-01,658
Pali,2020-05-01,497
Pali,2020-06-01,503
Pali,2020-07-01,544
Pali,2020-08-01,557
Pali,2020-09-01,708
Pali,2020-10-01,691
Pali,2020-11-01,651
Pali,2020-12-01,875
Pali,2021-01-01,627
Pali,2021-02-01,569
Pali,2021-03-01,488
Pali,2021-04-01,1247
Pali,2021-05-01,2423
Ajmer,2018-01-01,785
Ajmer,2018-02-01,839
Ajmer,2018-03-01,705
Ajmer,2018-04-01,741
Ajmer,2018-05-01,768
Ajmer,2018-06-01,671
Ajmer,2018-07-01,614
Ajmer,2018-08-01,656
Ajmer,2018-09-01,616
Ajmer,2018-10-01,675
Ajmer,2018-11-01,745
Ajmer,2018-12-01,832
Ajmer,2019-01-01,789
Ajmer,2019-02-01,717
Ajmer,2019-03-01,661
Ajmer,2019-04-01,666
Ajmer,2019-05-01,647
Ajmer,2019-06-01,792
Ajmer,2019-07-01,543
Ajmer,2019-08-01,659
Ajmer,2019-09-01,759
Ajmer,2019-10-01,722
Ajmer,2019-11-01,686
Ajmer,2019-12-01,820
Ajmer,2020-01-01,931
Ajmer,2020-02-01,730
Ajmer,2020-03-01,612
Ajmer,2020-04-01,647
Ajmer,2020-05-01,758
Ajmer,2020-06-01,668
Ajmer,2020-07-01,558
Ajmer,2020-08-01,648
Ajmer,2020-09-01,690
Ajmer,2020-10-01,746
Ajmer,2020-11-01,820
Ajmer,2020-12-01,938
Ajmer,2021-01-01,726
Ajmer,2021-02-01,542
Ajmer,2021-03-01,608
Ajmer,2021-04-01,1067
Ajmer,2021-05-01,2400
Tonk,2018-01-01,462
Tonk,2018-02-01,347
Tonk,2018-03-01,398
Tonk,2018-04-01,394
Tonk,2018-05-01,390
Tonk,2018-06-01,387
Tonk,2018-07-01,322
Tonk,2018-08-01,377
Tonk,2018-09-01,322
Tonk,2018-10-01,403
Tonk,2018-11-01,387
Tonk,2018-12-01,436
Tonk,2019-01-01,386
Tonk,2019-02-01,326
Tonk,2019-03-01,379
Tonk,2019-04-01,349
Tonk,2019-05-01,395
Tonk,2019-06-01,408
Tonk,2019-07-01,249
Tonk,2019-08-01,354
Tonk,2019-09-01,310
Tonk,2019-10-01,337
Tonk,2019-11-01,366
Tonk,2019-12-01,450
Tonk,2020-01-01,460
Tonk,2020-02-01,340
Tonk,2020-03-01,335
Tonk,2020-04-01,392
Tonk,2020-05-01,436
Tonk,2020-06-01,310
Tonk,2020-07-01,369
Tonk,2020-08-01,349
Tonk,2020-09-01,348
Tonk,2020-10-01,329
Tonk,2020-11-01,404
Tonk,2020-12-01,441
Tonk,2021-01-01,375
Tonk,2021-02-01,275
Tonk,2021-03-01,365
Tonk,2021-04-01,457
Tonk,2021-05-01,1301
Bundi,2018-01-01,323
Bundi,2018-02-01,327
Bundi,2018-03-01,318
Bundi,2018-04-01,326
Bundi,2018-05-01,355
Bundi,2018-06-01,299
Bundi,2018-07-01,270
Bundi,2018-08-01,352
Bundi,2018-09-01,343
Bundi,2018-10-01,374
Bundi,2018-11-01,312
Bundi,2018-12-01,405
Bundi,2019-01-01,310
Bundi,2019-02-01,342
Bundi,2019-03-01,350
Bundi,2019-04-01,347
Bundi,2019-05-01,314
Bundi,2019-06-01,383
Bundi,2019-07-01,322
Bundi,2019-08-01,381
Bundi,2019-09-01,504
Bundi,2019-10-01,389
Bundi,2019-11-01,392
Bundi,2019-12-01,435
Bundi,2020-01-01,410
Bundi,2020-02-01,404
Bundi,2020-03-01,341
Bundi,2020-04-01,368
Bundi,2020-05-01,382
Bundi,2020-06-01,348
Bundi,2020-07-01,311
Bundi,2020-08-01,355
Bundi,2020-09-01,425
Bundi,2020-10-01,358
Bundi,2020-11-01,396
Bundi,2020-12-01,386
Bundi,2021-01-01,360
Bundi,2021-02-01,233
Bundi,2021-03-01,264
Bundi,2021-04-01,445
Bundi,2021-05-01,1097
Bhilwara,2018-01-01,908
Bhilwara,2018-02-01,873
Bhilwara,2018-03-01,855
Bhilwara,2018-04-01,832
Bhilwara,2018-05-01,908
Bhilwara,2018-06-01,765
Bhilwara,2018-07-01,732
Bhilwara,2018-08-01,741
Bhilwara,2018-09-01,749
Bhilwara,2018-10-01,865
Bhilwara,2018-11-01,784
Bhilwara,2018-12-01,1004
Bhilwara,2019-01-01,930
Bhilwara,2019-02-01,899
Bhilwara,2019-03-01,927
Bhilwara,2019-04-01,845
Bhilwara,2019-05-01,844
Bhilwara,2019-06-01,1016
Bhilwara,2019-07-01,738
Bhilwara,2019-08-01,844
Bhilwara,2019-09-01,1042
Bhilwara,2019-10-01,969
Bhilwara,2019-11-01,886
Bhilwara,2019-12-01,1190
Bhilwara,2020-01-01,1073
Bhilwara,2020-02-01,871
Bhilwara,2020-03-01,789
Bhilwara,2020-04-01,767
Bhilwara,2020-05-01,867
Bhilwara,2020-06-01,629
Bhilwara,2020-07-01,711
Bhilwara,2020-08-01,738
Bhilwara,2020-09-01,827
Bhilwara,2020-10-01,795
Bhilwara,2020-11-01,894
Bhilwara,2020-12-01,1018
Bhilwara,2021-01-01,915
Bhilwara,2021-02-01,643
Bhilwara,2021-03-01,740
Bhilwara,2021-04-01,1671
Bhilwara,2021-05-01,2595
Rajsamand,2018-01-01,507
Rajsamand,2018-02-01,529
Rajsamand,2018-03-01,467
Rajsamand,2018-04-01,434
Rajsamand,2018-05-01,560
Rajsamand,2018-06-01,397
Rajsamand,2018-07-01,394
Rajsamand,2018-08-01,465
Rajsamand,2018-09-01,482
Rajsamand,2018-10-01,436
Rajsamand,2018-11-01,466
Rajsamand,2018-12-01,482
Rajsamand,2019-01-01,515
Rajsamand,2019-02-01,461
Rajsamand,2019-03-01,455
Rajsamand,2019-04-01,434
Rajsamand,2019-05-01,438
Rajsamand,2019-06-01,482
Rajsamand,2019-07-01,348
Rajsamand,2019-08-01,465
Rajsamand,2019-09-01,540
Rajsamand,2019-10-01,525
Rajsamand,2019-11-01,453
Rajsamand,2019-12-01,554
Rajsamand,2020-01-01,593
Rajsamand,2020-02-01,507
Rajsamand,2020-03-01,420
Rajsamand,2020-04-01,419
Rajsamand,2020-05-01,515
Rajsamand,2020-06-01,432
Rajsamand,2020-07-01,455
Rajsamand,2020-08-01,595
Rajsamand,2020-09-01,552
Rajsamand,2020-10-01,504
Rajsamand,2020-11-01,520
Rajsamand,2020-12-01,566
Rajsamand,2021-01-01,537
Rajsamand,2021-02-01,377
Rajsamand,2021-03-01,443
Rajsamand,2021-04-01,843
Rajsamand,2021-05-01,1465
Dungarpur,2018-01-01,443
Dungarpur,2018-02-01,415
Dungarpur,2018-03-01,497
Dungarpur,2018-04-01,460
Dungarpur,2018-05-01,492
Dungarpur,2018-06-01,395
Dungarpur,2018-07-01,391
Dungarpur,2018-08-01,415
Dungarpur,2018-09-01,422
Dungarpur,2018-10-01,442
Dungarpur,2018-11-01,414
Dungarpur,2018-12-01,494
Dungarpur,2019-01-01,486
Dungarpur,2019-02-01,496
Dungarpur,2019-03-01,432
Dungarpur,2019-04-01,379
Dungarpur,2019-05-01,428
Dungarpur,2019-06-01,432
Dungarpur,2019-07-01,396
Dungarpur,2019-08-01,451
Dungarpur,2019-09-01,455
Dungarpur,2019-10-01,442
Dungarpur,2019-11-01,488
Dungarpur,2019-12-01,559
Dungarpur,2020-01-01,539
Dungarpur,2020-02-01,425
Dungarpur,2020-03-01,434
Dungarpur,2020-04-01,472
Dungarpur,2020-05-01,513
Dungarpur,2020-06-01,486
Dungarpur,2020-07-01,486
Dungarpur,2020-08-01,487
Dungarpur,2020-09-01,469
Dungarpur,2020-10-01,474
Dungarpur,2020-11-01,481
Dungarpur,2020-12-01,549
Dungarpur,2021-01-01,508
Dungarpur,2021-02-01,343
Dungarpur,2021-03-01,377
Dungarpur,2021-04-01,735
Dungarpur,2021-05-01,1052
Banswara,2018-01-01,541
Banswara,2018-02-01,453
Banswara,2018-03-01,477
Banswara,2018-04-01,498
Banswara,2018-05-01,460
Banswara,2018-06-01,437
Banswara,2018-07-01,455
Banswara,2018-08-01,453
Banswara,2018-09-01,483
Banswara,2018-10-01,437
Banswara,2018-11-01,479
Banswara,2018-12-01,631
Banswara,2019-01-01,584
Banswara,2019-02-01,510
Banswara,2019-03-01,520
Banswara,2019-04-01,492
Banswara,2019-05-01,510
Banswara,2019-06-01,521
Banswara,2019-07-01,490
Banswara,2019-08-01,569
Banswara,2019-09-01,660
Banswara,2019-10-01,565
Banswara,2019-11-01,589
Banswara,2019-12-01,581
Banswara,2020-01-01,608
Banswara,2020-02-01,580
Banswara,2020-03-01,479
Banswara,2020-04-01,610
Banswara,2020-05-01,646
Banswara,2020-06-01,581
Banswara,2020-07-01,592
Banswara,2020-08-01,620
Banswara,2020-09-01,658
Banswara,2020-10-01,569
Banswara,2020-11-01,500
Banswara,2020-12-01,698
Banswara,2021-01-01,633
Banswara,2021-02-01,452
Banswara,2021-03-01,407
Banswara,2021-04-01,769
Banswara,2021-05-01,1407
Chittorgarh,2018-01-01,552
Chittorgarh,2018-02-01,406
Chittorgarh,2018-03-01,551
Chittorgarh,2018-04-01,482
Chittorgarh,2018-05-01,486
Chittorgarh,2018-06-01,494
Chittorgarh,2018-07-01,400
Chittorgarh,2018-08-01,434
Chittorgarh,2018-09-01,423
Chittorgarh,2018-10-01,498
Chittorgarh,2018-11-01,501
Chittorgarh,2018-12-01,594
Chittorgarh,2019-01-01,643
Chittorgarh,2019-02-01,433
Chittorgarh,2019-03-01,464
Chittorgarh,2019-04-01,411
Chittorgarh,2019-05-01,442
Chittorgarh,2019-06-01,514
Chittorgarh,2019-07-01,406
Chittorgarh,2019-08-01,544
Chittorgarh,2019-09-01,511
Chittorgarh,2019-10-01,526
Chittorgarh,2019-11-01,502
Chittorgarh,2019-12-01,500
Chittorgarh,2020-01-01,565
Chittorgarh,2020-02-01,443
Chittorgarh,2020-03-01,382
Chittorgarh,2020-04-01,448
Chittorgarh,2020-05-01,529
Chittorgarh,2020-06-01,409
Chittorgarh,2020-07-01,404
Chittorgarh,2020-08-01,515
Chittorgarh,2020-09-01,450
Chittorgarh,2020-10-01,564
Chittorgarh,2020-11-01,548
Chittorgarh,2020-12-01,633
Chittorgarh,2021-01-01,588
Chittorgarh,2021-02-01,466
Chittorgarh,2021-03-01,438
Chittorgarh,2021-04-01,920
Chittorgarh,2021-05-01,1667
Kota,2018-01-01,318
Kota,2018-02-01,310
Kota,2018-03-01,270
Kota,2018-04-01,271
Kota,2018-05-01,305
Kota,2018-06-01,239
Kota,2018-07-01,233
Kota,2018-08-01,264
Kota,2018-09-01,331
Kota,2018-10-01,268
Kota,2018-11-01,298
Kota,2018-12-01,349
Kota,2019-01-01,291
Kota,2019-02-01,193
Kota,2019-03-01,291
Kota,2019-04-01,188
Kota,2019-05-01,279
Kota,2019-06-01,356
Kota,2019-07-01,198
Kota,2019-08-01,210
Kota,2019-09-01,243
Kota,2019-10-01,239
Kota,2019-11-01,222
Kota,2019-12-01,293
Kota,2020-01-01,242
Kota,2020-02-01,186
Kota,2020-03-01,195
Kota,2020-04-01,162
Kota,2020-05-01,253
Kota,2020-06-01,193
Kota,2020-07-01,152
Kota,2020-08-01,193
Kota,2020-09-01,337
Kota,2020-10-01,214
Kota,2020-11-01,246
Kota,2020-12-01,266
Kota,2021-01-01,265
Kota,2021-02-01,167
Kota,2021-03-01,212
Kota,2021-04-01,485
Kota,2021-05-01,613
Baran,2018-01-01,331
Baran,2018-02-01,303
Baran,2018-03-01,315
Baran,2018-04-01,332
Baran,2018-05-01,390
Baran,2018-06-01,310
Baran,2018-07-01,296
Baran,2018-08-01,319
Baran,2018-09-01,361
Baran,2018-10-01,364
Baran,2018-11-01,339
Baran,2018-12-01,338
Baran,2019-01-01,364
Baran,2019-02-01,305
Baran,2019-03-01,290
Baran,2019-04-01,301
Baran,2019-05-01,399
Baran,2019-06-01,421
Baran,2019-07-01,292
Baran,2019-08-01,357
Baran,2019-09-01,420
Baran,2019-10-01,398
Baran,2019-11-01,349
Baran,2019-12-01,415
Baran,2020-01-01,400
Baran,2020-02-01,344
Baran,2020-03-01,268
Baran,2020-04-01,319
Baran,2020-05-01,361
Baran,2020-06-01,336
Baran,2020-07-01,351
Baran,2020-08-01,405
Baran,2020-09-01,470
Baran,2020-10-01,373
Baran,2020-11-01,427
Baran,2020-12-01,375
Baran,2021-01-01,355
Baran,2021-02-01,235
Baran,2021-03-01,240
Baran,2021-04-01,411
Baran,2021-05-01,1081
Jhalawar,2018-01-01,410
Jhalawar,2018-02-01,348
Jhalawar,2018-03-01,343
Jhalawar,2018-04-01,359
Jhalawar,2018-05-01,528
Jhalawar,2018-06-01,320
Jhalawar,2018-07-01,312
Jhalawar,2018-08-01,371
Jhalawar,2018-09-01,369
Jhalawar,2018-10-01,429
Jhalawar,2018-11-01,375
Jhalawar,2018-12-01,456
Jhalawar,2019-01-01,384
Jhalawar,2019-02-01,269
Jhalawar,2019-03-01,289
Jhalawar,2019-04-01,327
Jhalawar,2019-05-01,408
Jhalawar,2019-06-01,475
Jhalawar,2019-07-01,376
Jhalawar,2019-08-01,462
Jhalawar,2019-09-01,527
Jhalawar,2019-10-01,438
Jhalawar,2019-11-01,427
Jhalawar,2019-12-01,476
Jhalawar,2020-01-01,471
Jhalawar,2020-02-01,354
Jhalawar,2020-03-01,314
Jhalawar,2020-04-01,344
Jhalawar,2020-05-01,406
Jhalawar,2020-06-01,358
Jhalawar,2020-07-01,360
Jhalawar,2020-08-01,353
Jhalawar,2020-09-01,482
Jhalawar,2020-10-01,450
Jhalawar,2020-11-01,441
Jhalawar,2020-12-01,489
Jhalawar,2021-01-01,362
Jhalawar,2021-02-01,258
Jhalawar,2021-03-01,295
Jhalawar,2021-04-01,607
Jhalawar,2021-05-01,1550
Udaipur,2018-01-01,838
Udaipur,2018-02-01,725
Udaipur,2018-03-01,906
Udaipur,2018-04-01,663
Udaipur,2018-05-01,830
Udaipur,2018-06-01,597
Udaipur,2018-07-01,614
Udaipur,2018-08-01,622
Udaipur,2018-09-01,648
Udaipur,2018-10-01,724
Udaipur,2018-11-01,802
Udaipur,2018-12-01,946
Udaipur,2019-01-01,782
Udaipur,2019-02-01,742
Udaipur,2019-03-01,866
Udaipur,2019-04-01,629
Udaipur,2019-05-01,719
Udaipur,2019-06-01,737
Udaipur,2019-07-01,733
Udaipur,2019-08-01,784
Udaipur,2019-09-01,1122
Udaipur,2019-10-01,895
Udaipur,2019-11-01,711
Udaipur,2019-12-01,890
Udaipur,2020-01-01,922
Udaipur,2020-02-01,690
Udaipur,2020-03-01,665
Udaipur,2020-04-01,715
Udaipur,2020-05-01,1008
Udaipur,2020-06-01,641
Udaipur,2020-07-01,645
Udaipur,2020-08-01,795
Udaipur,2020-09-01,1005
Udaipur,2020-10-01,892
Udaipur,2020-11-01,921
Udaipur,2020-12-01,1275
Udaipur,2021-01-01,972
Udaipur,2021-02-01,838
Udaipur,2021-03-01,843
Udaipur,2021-04-01,1516
Udaipur,2021-05-01,2566
Pratapgarh,2018-01-01,254
Pratapgarh,2018-02-01,171
Pratapgarh,2018-03-01,256
Pratapgarh,2018-04-01,193
Pratapgarh,2018-05-01,232
Pratapgarh,2018-06-01,218
Pratapgarh,2018-07-01,184
Pratapgarh,2018-08-01,211
Pratapgarh,2018-09-01,203
Pratapgarh,2018-10-01,236
Pratapgarh,2018-11-01,222
Pratapgarh,2018-12-01,244
Pratapgarh,2019-01-01,247
Pratapgarh,2019-02-01,198
Pratapgarh,2019-03-01,192
Pratapgarh,2019-04-01,196
Pratapgarh,2019-05-01,187
Pratapgarh,2019-06-01,190
Pratapgarh,2019-07-01,199
Pratapgarh,2019-08-01,265
Pratapgarh,2019-09-01,304
Pratapgarh,2019-10-01,252
Pratapgarh,2019-11-01,260
Pratapgarh,2019-12-01,281
Pratapgarh,2020-01-01,264
Pratapgarh,2020-02-01,222
Pratapgarh,2020-03-01,203
Pratapgarh,2020-04-01,224
Pratapgarh,2020-05-01,227
Pratapgarh,2020-06-01,179
Pratapgarh,2020-07-01,210
Pratapgarh,2020-08-01,240
Pratapgarh,2020-09-01,279
Pratapgarh,2020-10-01,220
Pratapgarh,2020-11-01,259
Pratapgarh,2020-12-01,297
Pratapgarh,2021-01-01,242
Pratapgarh,2021-02-01,170
Pratapgarh,2021-03-01,174
Pratapgarh,2021-04-01,255
Pratapgarh,2021-05-01,781
